Inspection ID;Inspection Group;Inspection Name;Inspection Language;Inspection Type;Absolute Time spent on Inspection, s;Percent of Time spent on Inspection;Problems Count;Times Inspection was Performed
JavaAnnotator;General;Java annotator;none;LOCAL;15.00;68.92%;0;105
InjectedReferences;General;Injected references;none;LOCAL;4.13;18.96%;0;7
UastIncorrectMimeTypeInspection;JVM languages;Incorrect MIME Type declaration;UAST;LOCAL;0.84;3.86%;0;11
DialogTitleCapitalization;Java/Internationalization;Incorrect string capitalization;UAST;LOCAL;0.40;1.85%;0;11
UastIncorrectHttpHeaderInspection;JVM languages;Unknown HTTP header;UAST;LOCAL;0.15;0.68%;0;11
DataFlowIssue;Java/Probable bugs;Nullability and data flow problems;JAVA;LOCAL;0.08;0.39%;0;7
UnstableApiUsage;JVM languages;Unstable API Usage;UAST;LOCAL;0.07;0.30%;0;12
EqualsOnSuspiciousObject;Java/Probable bugs;'equals()' called on 'StringBuilder';JAVA;LOCAL;0.06;0.27%;0;7
MagicConstant;Java/Probable bugs;Magic Constant;JAVA;LOCAL;0.04;0.18%;0;7
SpringBeanConstructorArgInspection;Spring/Spring Core/XML;Incorrect constructor injection in XML Spring bean;XML;LOCAL;0.04;0.18%;0;14
ReactiveStreamsUnusedPublisher;Reactive Streams/Common;Unused publisher;UAST;LOCAL;0.03;0.16%;0;12
KotlinTestJUnit;Kotlin;kotlin-test-junit could be used;XML;LOCAL;0.03;0.15%;0;14
JUnitMalformedDeclaration;JVM languages/Test frameworks;JUnit malformed declaration;UAST;LOCAL;0.03;0.12%;0;9
SpringInactiveProfileHighlightingInspection;Spring/Spring Core/XML;Inactive profile highlighting;XML;LOCAL;0.02;0.11%;0;14
RedundantOperationOnEmptyContainer;Java/Probable bugs;Redundant operation on empty container;JAVA;LOCAL;0.02;0.11%;0;7
DeprecatedMavenDependency;Kotlin;Deprecated library is used in Maven;XML;LOCAL;0.02;0.10%;0;14
BlockingMethodInNonBlockingContext;JVM languages;Possibly blocking call in non-blocking context;UAST;LOCAL;0.02;0.09%;0;12
MimeType;Java EE;MIME type;XML;LOCAL;0.02;0.09%;0;14
SpringXmlAutowireExplicitlyInspection;Spring/Spring Core/XML;Unnecessary autowired dependency in XML application context;XML;LOCAL;0.02;0.09%;0;14
KotlinMavenPluginPhase;Kotlin;Kotlin Maven Plugin misconfigured;XML;LOCAL;0.02;0.09%;0;14
SpringFacetInspection;Spring/Spring Core/Setup;Incorrect XML application context setup in Spring facet;XML;LOCAL;0.02;0.08%;0;14
SpringIntegrationDeprecations21;Spring/Spring Integration;Spring Integration 2.1 deprecations;XML;LOCAL;0.02;0.08%;0;14
DifferentKotlinMavenVersion;Kotlin;Maven and IDE plugins versions are different;XML;LOCAL;0.02;0.08%;0;14
ReassignedToPlainText;General;Reassigned to plain text;none;LOCAL;0.02;0.08%;0;105
tainting;JVM languages;Non-safe string is passed to safe method;UAST;LOCAL;0.02;0.08%;0;10
RequiredBeanTypeInspection;Spring/Spring Core/XML;Incorrect injected bean type ;XML;LOCAL;0.02;0.08%;0;14
SpringBeanAttributesInspection;Spring/Spring Core/XML;Conflicting Spring bean attribute;XML;LOCAL;0.02;0.08%;0;14
SpringInjectionValueConsistencyInspection;Spring/Spring Core/XML;Inconsistent injection value in XML application context;XML;LOCAL;0.02;0.08%;0;14
SpringScopesInspection;Spring/Spring Core/XML;Unknown <bean> scope;XML;LOCAL;0.02;0.07%;0;14
SpringSecurityDebugActivatedInspection;Spring/Spring Security;Debug mode is activated in the Spring Security configuration;XML;LOCAL;0.02;0.07%;0;14
KotlinAnnotator;General;Kotlin annotator;none;LOCAL;0.02;0.07%;0;104
DuplicatedBeanNamesInspection;Spring/Spring Core/XML;Duplicated bean names in XML-based application context;XML;LOCAL;0.02;0.07%;0;14
SpringFactoryMethodInspection;Spring/Spring Core/XML;Incorrectly defined method referenced in "factory-method" attribute;XML;LOCAL;0.02;0.07%;0;14
SpringBeanInstantiationInspection;Spring/Spring Core/XML;Invalid non-abstract bean instantiation;XML;LOCAL;0.02;0.07%;0;14
SpringXmlModelInspection;Spring/Spring Core/XML;Incorrect Spring Core XML-based application context;XML;LOCAL;0.02;0.07%;0;14
InjectionValueTypeInspection;Spring/Spring Core/XML;Unassignable injection point type in XML application context;XML;LOCAL;0.02;0.07%;0;14
SpringIncorrectResourceTypeInspection;Spring/Spring Core/XML;Incorrect resource type;XML;LOCAL;0.01;0.07%;0;14
CdiDomBeans;CDI (Contexts and Dependency Injection);Incorrect bean definitions in beans.xml;XML;LOCAL;0.01;0.07%;0;14
SpringBeanNameConventionInspection;Spring/Spring Core/XML;Spring bean name violates conventions;XML;LOCAL;0.01;0.07%;0;14
SpringAopWarningsInspection;Spring/Spring AOP;Incorrect Spring AOP aspect or pointcut element;XML;LOCAL;0.01;0.07%;0;14
JavaeeApplicationDomInspection;Java EE;Java EE application descriptor correctness;XML;LOCAL;0.01;0.07%;0;14
UnparsedCustomBeanInspection;Spring/Spring Core/XML;Unparsed custom Spring beans;XML;LOCAL;0.01;0.06%;0;14
CustomRegExpInspection;RegExp;Custom RegExp inspection;;LOCAL;0.01;0.06%;0;105
WebProperties;Java EE;Web.xml errors;XML;LOCAL;0.01;0.06%;0;14
SecurityRoles;Java EE;Security role name correctness;XML;LOCAL;0.01;0.06%;0;14
SpringXmlAutowiringInspection;Spring/Spring Core/XML;Incorrect XML Spring bean autowiring;XML;LOCAL;0.01;0.06%;0;14
DifferentMavenStdlibVersion;Kotlin;Library and maven plugin versions are different;XML;LOCAL;0.01;0.06%;0;14
SpringPublicFactoryMethodInspection;Spring/Spring Core/XML;Incorrect non-public method referenced in "factory-method" attribute;XML;LOCAL;0.01;0.06%;0;14
SpringInjectionValueStyleInspection;Spring/Spring Core/XML;Injection value in XML application context violates conventions;XML;LOCAL;0.01;0.06%;0;14
WebWarnings;Java EE;Web.xml warnings;XML;LOCAL;0.01;0.06%;0;14
UtilSchemaInspection;Spring/Spring Core/XML;Incorrectly configured 'util' schema beans defined in XML application context;XML;LOCAL;0.01;0.06%;0;14
SpringRequiredPropertyInspection;Spring/Spring Core/XML;Missing @Required property injections in the spring xml bean declaration ;XML;LOCAL;0.01;0.06%;0;14
SpringAopErrorsInspection;Spring/Spring AOP;Incorrect Spring AOP advice or advisor element;XML;LOCAL;0.01;0.06%;0;14
SpringIntegrationModel;Spring/Spring Integration;Incorrect Spring Integration XML-based application context;XML;LOCAL;0.01;0.06%;0;14
JdkProxiedBeanTypeInspection;Spring/Spring AOP;Incorrect JDK-proxied bean type;XML;LOCAL;0.01;0.05%;0;14
SpringPlaceholdersInspection;Spring/Spring Core/XML;Unresolved placeholders configured in the Spring XML application context;XML;LOCAL;0.01;0.05%;0;14
ContextComponentScanInconsistencyInspection;Spring/Spring Core/XML;Invalid filter definition in XML-based component scans;XML;LOCAL;0.01;0.05%;0;14
BvConstraintMappingsInspection;Bean Validation;Incorrect elements in Bean Validation <constraint-mappings> files;XML;LOCAL;0.01;0.05%;0;14
AbstractBeanReferencesInspection;Spring/Spring Core/XML;Incorrect reference to abstract bean;XML;LOCAL;0.01;0.05%;0;14
BvConfigDomInspection;Bean Validation;Incorrect elements in Bean Validation <validation-config> files;XML;LOCAL;0.01;0.05%;0;14
ServletWithoutMappingInspection;Java EE;Servlet mapping;XML;LOCAL;0.01;0.05%;0;14
SpringSecurityModelInspection;Spring/Spring Security;Incorrect Spring Security XML-based application context;XML;LOCAL;0.01;0.05%;0;14
SpringBeanLookupMethodInspection;Spring/Spring Core/XML;Incorrectly configured XML bean lookup-method;XML;LOCAL;0.01;0.05%;0;14
MalformedDataProvider;Java/TestNG;Data provider problems;JAVA;LOCAL;0.01;0.04%;0;7
MismatchedStringCase;Java/Probable bugs;Mismatched case in 'String' operation;JAVA;LOCAL;0.01;0.03%;0;7
Contract;Java/Probable bugs;Contract issues;JAVA;LOCAL;0.01;0.03%;0;7
DoubleNegation;Java/Control flow issues;Double negation;JAVA;LOCAL;0.01;0.03%;0;7
SuspiciousMethodCalls;Java/Probable bugs;Suspicious collection method call;JAVA;LOCAL;0.01;0.03%;0;7
MetaAnnotationWithoutRuntimeRetention;Java/JUnit;Test annotation without '@Retention(RUNTIME)' annotation;JAVA;LOCAL;0.01;0.03%;0;7
TestFailedLine;JVM languages/Test frameworks;Failed line in test;UAST;LOCAL;0.01;0.02%;0;12
DuplicatedCode;General;Duplicated code fragment;none;LOCAL;0.00;0.02%;0;10
DataProviderReturnType;Java/TestNG;Invalid data provider return type;JAVA;LOCAL;0.00;0.02%;0;7
ResultOfMethodCallIgnored;Java/Probable bugs;Result of method call ignored;JAVA;LOCAL;0.00;0.02%;0;7
UnusedAssignment;Java/Probable bugs;Unused assignment;JAVA;LOCAL;0.00;0.02%;0;7
NewClassNamingConvention;Java/Naming conventions/Class;Class naming convention;JAVA;LOCAL;0.00;0.02%;0;3
DoubleCheckedLocking;Java/Threading issues;Double-checked locking;JAVA;LOCAL;0.00;0.01%;0;7
NumberEquality;Java/Probable bugs;Number comparison using '==', instead of 'equals()';JAVA;LOCAL;0.00;0.01%;0;7
removal;Java/Code maturity;Usage of API marked for removal;UAST;LOCAL;0.00;0.01%;0;1
SingleClassImport;Java/Imports;Single class import;JAVA;LOCAL;0.00;0.01%;13;7
DifferentStdlibGradleVersion;Kotlin;Kotlin library and Gradle plugin versions are different;Groovy;LOCAL;0.00;0.01%;0;5
StaticInitializerReferencesSubClass;Java/Threading issues;Static initializer references subclass;JAVA;LOCAL;0.00;0.01%;0;7
DeprecatedGradleDependency;Kotlin;Deprecated library is used in Gradle;Groovy;LOCAL;0.00;0.01%;0;5
ConstantValue;Java/Probable bugs;Constant values;JAVA;LOCAL;0.00;0.01%;0;7
JavacQuirks;Java/Compiler issues;Javac quirks;JAVA;LOCAL;0.00;0.01%;0;7
ReactiveStreamsPublisherImplementation;Reactive Streams/Common;Class implements Publisher;UAST;LOCAL;0.00;0.01%;0;12
JUnit3StyleTestMethodInJUnit4Class;Java/JUnit;Old style JUnit test method in JUnit 4 class;JAVA;LOCAL;0.00;0.01%;0;7
SuspiciousNameCombination;Java/Probable bugs;Suspicious variable/parameter name combination;JAVA;LOCAL;0.00;0.01%;0;7
SpringBootApplicationProperties;Spring/Spring Boot;Invalid properties configuration;Properties;LOCAL;0.00;0.01%;0;13
MalformedFormatString;Java/Probable bugs;Malformed format string;JAVA;LOCAL;0.00;0.01%;0;7
FakeJvmFieldConstant;Kotlin/Java interop issues;Kotlin non-const property used as Java constant;JAVA;LOCAL;0.00;0.00%;0;7
ImplicitSubclassInspection;Java/Inheritance issues;Final declaration can't be overridden at runtime;UAST;LOCAL;0.00;0.00%;0;12
groupsTestNG;Java/TestNG;Undefined group name;JAVA;LOCAL;0.00;0.00%;0;7
SuspiciousInvocationHandlerImplementation;Java/Probable bugs;Suspicious 'InvocationHandler' implementation;JAVA;LOCAL;0.00;0.00%;0;7
ObviousNullCheck;Java/Verbose or redundant code constructs;Null-check method is called with obviously non-null argument;JAVA;LOCAL;0.00;0.00%;0;3
UnnecessaryInitCause;Java/Error handling;Unnecessary call to 'Throwable.initCause()';JAVA;LOCAL;0.00;0.00%;0;7
StringConcatenationInLoop;Java/Performance;String concatenation in loop;JAVA;LOCAL;0.00;0.00%;0;7
UnresolvedPropertyKey;Java/Properties files;Invalid property key;JAVA;LOCAL;0.00;0.00%;0;7
FieldMayBeFinal;Java/Code style issues;Field may be 'final';JAVA;LOCAL;0.00;0.00%;1;2
AssertBetweenInconvertibleTypes;JVM languages/Test frameworks;'assertEquals()' between objects of inconvertible types;UAST;LOCAL;0.00;0.00%;0;12
Dependency;JVM languages;Illegal package dependencies;UAST;LOCAL;0.00;0.00%;0;12
MismatchedQueryAndUpdateOfStringBuilder;Java/Probable bugs;Mismatched query and update of 'StringBuilder';JAVA;LOCAL;0.00;0.00%;0;7
FinalizeNotProtected;Java/Finalization;'finalize()' should be protected, not public;JAVA;LOCAL;0.00;0.00%;0;7
ReturnInsideFinallyBlock;Java/Error handling;'return' inside 'finally' block;UAST;LOCAL;0.00;0.00%;0;12
DifferentKotlinGradleVersion;Kotlin;Kotlin Gradle and IDE plugins versions are different;Groovy;LOCAL;0.00;0.00%;0;5
WrapperTypeMayBePrimitive;Java/Performance;Wrapper type may be primitive;JAVA;LOCAL;0.00;0.00%;0;7
SimplifiableAssertion;Java/Test frameworks;Simplifiable assertion;JAVA;LOCAL;0.00;0.00%;0;7
ImplicitArrayToString;Java/Probable bugs;Call to 'toString()' on array;JAVA;LOCAL;0.00;0.00%;0;7
UseBulkOperation;Java/Performance;Bulk operation can be used instead of iteration;JAVA;LOCAL;0.00;0.00%;0;7
DuplicateExpressions;Java/Verbose or redundant code constructs;Multiple occurrences of the same expression;JAVA;LOCAL;0.00;0.00%;0;1
SlowListContainsAll;Java/Performance;Call to 'list.containsAll(collection)' may have poor performance;JAVA;LOCAL;0.00;0.00%;0;7
InfiniteRecursion;Java/Probable bugs;Infinite recursion;JAVA;LOCAL;0.00;0.00%;0;7
ExcessiveRangeCheck;Java/Verbose or redundant code constructs;Excessive range check;JAVA;LOCAL;0.00;0.00%;0;1
ArrayObjectsEquals;Java/Probable bugs;Use of shallow or 'Objects' methods with arrays;JAVA;LOCAL;0.00;0.00%;0;7
ReactiveStreamsTooLongSameOperatorsChain;Reactive Streams/Common;Too long same methods chain;UAST;LOCAL;0.00;0.00%;0;12
ToArrayCallWithZeroLengthArrayArgument;Java/Performance;'Collection.toArray()' call style;JAVA;LOCAL;0.00;0.00%;0;7
SuspiciousDateFormat;Java/Probable bugs;Suspicious date format pattern;JAVA;LOCAL;0.00;0.00%;0;7
LoopConditionNotUpdatedInsideLoop;Java/Control flow issues;Loop variable not updated inside loop;JAVA;LOCAL;0.00;0.00%;0;7
SortedCollectionWithNonComparableKeys;Java/Probable bugs;Sorted collection with non-comparable elements;JAVA;LOCAL;0.00;0.00%;0;7
SpringBootAdditionalConfig;Spring/Spring Boot;Invalid additional-spring-configuration-metadata.json;JSON;LOCAL;0.00;0.00%;0;30
OverlyComplexAnonymousInnerClass;Java/Class metrics;Overly complex anonymous class;JAVA;LOCAL;0.00;0.00%;0;7
LocalVariableUsedAndDeclaredInDifferentSwitchBranches;Java/Control flow issues;Local variable used and declared in different 'switch' branches;JAVA;LOCAL;0.00;0.00%;0;7
EqualsBetweenInconvertibleTypes;Java/Probable bugs;'equals()' between objects of inconvertible types;JAVA;LOCAL;0.00;0.00%;0;7
SynchronizationOnGetClass;Java/Threading issues;Synchronization on 'getClass()';JAVA;LOCAL;0.00;0.00%;0;7
DuplicateCondition;Java/Control flow issues;Duplicate condition;JAVA;LOCAL;0.00;0.00%;0;7
AccessStaticViaInstance;Java/Declaration redundancy;Access static member via instance reference;JAVA;LOCAL;0.00;0.00%;0;2
ExcessiveLambdaUsage;Java/Verbose or redundant code constructs;Excessive lambda usage;JAVA;LOCAL;0.00;0.00%;0;2
PointlessBitwiseExpression;Java/Bitwise operation issues;Pointless bitwise expression;JAVA;LOCAL;0.00;0.00%;0;7
DeprecatedLombok;Java/Lombok;Deprecated Lombok annotations;JAVA;LOCAL;0.00;0.00%;0;7
MathRandomCastToInt;Java/Probable bugs;'Math.random()' cast to 'int';JAVA;LOCAL;0.00;0.00%;0;7
ScheduledThreadPoolExecutorWithZeroCoreThreads;Java/Probable bugs;'ScheduledThreadPoolExecutor' with zero core threads;JAVA;LOCAL;0.00;0.00%;0;7
TextLabelInSwitchStatement;Java/Probable bugs;Text label in 'switch' statement;JAVA;LOCAL;0.00;0.00%;0;7
UnnecessaryUnaryMinus;Java/Numeric issues;Unnecessary unary minus;JAVA;LOCAL;0.00;0.00%;0;7
WriteOnlyObject;Java/Probable bugs;Write-only object;JAVA;LOCAL;0.00;0.00%;0;7
ClassExplicitlyAnnotation;Java/Inheritance issues;Class extends annotation interface;JAVA;LOCAL;0.00;0.00%;0;7
ReplaceInefficientStreamCount;Java/Performance;Inefficient Stream API call chains ending with count();JAVA;LOCAL;0.00;0.00%;0;7
KotlinInternalInJava;Kotlin/Java interop issues;Usage of Kotlin internal declarations from Java;JAVA;LOCAL;0.00;0.00%;0;7
ManualArrayToCollectionCopy;Java/Performance;Manual array to collection copy;JAVA;LOCAL;0.00;0.00%;0;7
AssignmentUsedAsCondition;Java/Assignment issues;Assignment used as condition;JAVA;LOCAL;0.00;0.00%;0;1
TypeParameterHidesVisibleType;Java/Visibility;Type parameter hides visible type;JAVA;LOCAL;0.00;0.00%;0;7
PlaceholderCountMatchesArgumentCount;Java/Logging;Number of placeholders does not match number of arguments in logging call;JAVA;LOCAL;0.00;0.00%;0;7
JavaReflectionMemberAccess;Java/Reflective access;Reflective access to non-existent or not visible class member;JAVA;LOCAL;0.00;0.00%;0;7
StringTokenizerDelimiter;Java/Probable bugs;Duplicated delimiters in 'StringTokenizer';JAVA;LOCAL;0.00;0.00%;0;7
MaskedAssertion;Java/Test frameworks;Assertion is suppressed by 'catch';JAVA;LOCAL;0.00;0.00%;0;7
ReflectionForUnavailableAnnotation;Java/Probable bugs;Reflective access to a source-only annotation;JAVA;LOCAL;0.00;0.00%;0;7
ReplaceOnLiteralHasNoEffect;Java/Verbose or redundant code constructs;Replacement operation has no effect;JAVA;LOCAL;0.00;0.00%;0;3
InstantiatingObjectToGetClassObject;Java/Performance;Instantiating object to get 'Class' object;JAVA;LOCAL;0.00;0.00%;0;7
ShiftOutOfRange;Java/Bitwise operation issues;Shift operation by inappropriate constant;JAVA;LOCAL;0.00;0.00%;0;7
CollectionContainsUrl;Java/Performance;'Map' or 'Set' may contain 'URL' objects;JAVA;LOCAL;0.00;0.00%;0;7
ProtectedMemberInFinalClass;Java/Declaration redundancy;'protected' member in 'final' class;JAVA;LOCAL;0.00;0.00%;0;1
IterableUsedAsVararg;Java/Probable bugs;Iterable is used as vararg;JAVA;LOCAL;0.00;0.00%;0;7
DanglingJavadoc;Java/Javadoc;Dangling Javadoc comment;JAVA;LOCAL;0.00;0.00%;0;1
UnusedLabel;Java/Declaration redundancy;Unused label;JAVA;LOCAL;0.00;0.00%;0;1
CloneableClassWithoutClone;Java/Cloning issues;Cloneable class without 'clone()' method;JAVA;LOCAL;0.00;0.00%;0;7
OptionalUsedAsFieldOrParameterType;Java/Abstraction issues;'Optional' used as field or parameter type;JAVA;LOCAL;0.00;0.00%;0;7
NewObjectEquality;Java/Probable bugs;New object is compared using '==';JAVA;LOCAL;0.00;0.00%;0;7
RedundantCompareCall;Java/Verbose or redundant code constructs;Redundant 'compare()' method call;JAVA;LOCAL;0.00;0.00%;0;1
ConstantForZeroLengthArrayAllocation;Java/Memory;Unnecessary zero length array usage;JAVA;LOCAL;0.00;0.00%;0;7
JavadocDeclaration;Java/Javadoc;Javadoc declaration problems;JAVA;LOCAL;0.00;0.00%;0;2
CallToThreadRun;JVM languages;Call to 'Thread.run()';UAST;LOCAL;0.00;0.00%;0;12
JavaReflectionInvocation;Java/Reflective access;Reflective invocation arguments mismatch;JAVA;LOCAL;0.00;0.00%;0;7
UnnecessaryBreak;Java/Verbose or redundant code constructs;Unnecessary 'break' statement;JAVA;LOCAL;0.00;0.00%;0;1
RedundantModifiersValueLombok;Java/Lombok/Redundant modifiers;@Value modifiers;JAVA;LOCAL;0.00;0.00%;0;7
CaughtExceptionImmediatelyRethrown;Java/Error handling;Caught exception is immediately rethrown;JAVA;LOCAL;0.00;0.00%;0;7
InstantiationOfUtilityClass;Java/Probable bugs;Instantiation of utility class;JAVA;LOCAL;0.00;0.00%;0;7
LoggingStringTemplateAsArgument;JVM languages/Logging;String template as argument to logging call;UAST;LOCAL;0.00;0.00%;0;12
UnpredictableBigDecimalConstructorCall;Java/Numeric issues;Unpredictable 'BigDecimal' constructor call;JAVA;LOCAL;0.00;0.00%;0;7
ArrayHashCode;Java/Probable bugs;'hashCode()' called on array;JAVA;LOCAL;0.00;0.00%;0;7
UnnecessaryTemporaryOnConversionToString;Java/Performance;Unnecessary temporary object in conversion to 'String';JAVA;LOCAL;0.00;0.00%;0;7
ArraysAsListWithZeroOrOneArgument;Java/Performance;Call to 'Arrays.asList()' with too few arguments;JAVA;LOCAL;0.00;0.00%;0;1
IntegerDivisionInFloatingPointContext;Java/Numeric issues;Integer division in floating-point context;JAVA;LOCAL;0.00;0.00%;0;7
NewStringBufferWithCharArgument;Java/Probable bugs;StringBuilder constructor call with 'char' argument;JAVA;LOCAL;0.00;0.00%;0;7
RedundantSlf4jDefinition;Java/Lombok/Redundant definitions;@Slf4j;JAVA;LOCAL;0.00;0.00%;0;7
StringEquality;Java/Probable bugs;String comparison using '==', instead of 'equals()';JAVA;LOCAL;0.00;0.00%;0;7
ConditionalBreakInInfiniteLoop;Java/Control flow issues;Conditional break inside loop;JAVA;LOCAL;0.00;0.00%;0;1
ClassGetClass;Java/Probable bugs;Suspicious 'Class.getClass()' call;JAVA;LOCAL;0.00;0.00%;0;7
ExternalizableWithoutPublicNoArgConstructor;Java/Serialization issues;'Externalizable' class without 'public' no-arg constructor;JAVA;LOCAL;0.00;0.00%;0;7
WaitWhileHoldingTwoLocks;Java/Threading issues;'wait()' while holding two locks;JAVA;LOCAL;0.00;0.00%;0;7
DuplicatedDataProviderNames;Java/TestNG;Duplicated data provider names;JAVA;LOCAL;0.00;0.00%;0;7
JavaLangInvokeHandleSignature;Java/Reflective access;MethodHandle/VarHandle type mismatch;JAVA;LOCAL;0.00;0.00%;0;7
UnnecessaryStringEscape;Java/Verbose or redundant code constructs;Unnecessarily escaped character;JAVA;LOCAL;0.00;0.00%;0;1
UnnecessaryLabelOnBreakStatement;Java/Verbose or redundant code constructs;Unnecessary label on 'break' statement;JAVA;LOCAL;0.00;0.00%;0;2
ManualArrayCopy;Java/Performance;Manual array copy;JAVA;LOCAL;0.00;0.00%;0;7
EmptySynchronizedStatement;Java/Threading issues;Empty 'synchronized' statement;JAVA;LOCAL;0.00;0.00%;0;7
TrivialFunctionalExpressionUsage;Java/Declaration redundancy;Trivial usage of functional expression;JAVA;LOCAL;0.00;0.00%;0;2
SuspiciousListRemoveInLoop;Java/Probable bugs;Suspicious 'List.remove()' in loop;JAVA;LOCAL;0.00;0.00%;0;7
NegativeIntConstantInLongContext;Java/Numeric issues;Negative int hexadecimal constant in long context;JAVA;LOCAL;0.00;0.00%;0;7
FieldCanBeLocal;Java/Class structure;Field can be local;JAVA;LOCAL;0.00;0.00%;0;1
WhileLoopSpinsOnField;Java/Threading issues;'while' loop spins on field;JAVA;LOCAL;0.00;0.00%;0;7
ThrowFromFinallyBlock;Java/Error handling;'throw' inside 'finally' block;JAVA;LOCAL;0.00;0.00%;0;7
IfStatementWithIdenticalBranches;Java/Control flow issues;'if' statement with identical branches;JAVA;LOCAL;0.00;0.00%;0;7
SimplifyOptionalCallChains;Java/Verbose or redundant code constructs;Optional call chain can be simplified;JAVA;LOCAL;0.00;0.00%;0;1
finally;Java/Error handling;'finally' block which can not complete normally;JAVA;LOCAL;0.00;0.00%;0;7
BooleanConstructorCall;Java/Performance;Boolean constructor call;JAVA;LOCAL;0.00;0.00%;0;7
CallToSystemRunFinalizersOnExit;Java/Threading issues;Call to 'System.runFinalizersOnExit()';JAVA;LOCAL;0.00;0.00%;0;7
InfiniteLoopStatement;Java/Control flow issues;Infinite loop statement;JAVA;LOCAL;0.00;0.00%;0;7
ClassInitializerMayBeStatic;Java/Performance;Class initializer may be 'static';JAVA;LOCAL;0.00;0.00%;0;7
InstantiatingAThreadWithDefaultRunMethod;Java/Threading issues;Instantiating a 'Thread' with default 'run()' method;JAVA;LOCAL;0.00;0.00%;0;7
deprecation;Java/Code maturity;Deprecated API usage;UAST;LOCAL;0.00;0.00%;0;1
IdempotentLoopBody;Java/Control flow issues;Idempotent loop body;JAVA;LOCAL;0.00;0.00%;0;7
FinalizeCalledExplicitly;Java/Finalization;'finalize()' called explicitly;JAVA;LOCAL;0.00;0.00%;0;7
SlowAbstractSetRemoveAll;Java/Performance;Call to 'set.removeAll(list)' may work slowly;JAVA;LOCAL;0.00;0.00%;0;7
ConfusingMainMethod;Java/Probable bugs;Confusing 'main()' method;JAVA;LOCAL;0.00;0.00%;0;7
SuspiciousRegexArgument;Java/Probable bugs;Suspicious regex expression argument;JAVA;LOCAL;0.00;0.00%;0;7
SpringQualifierCopyableLombok;Java/Lombok;@Qualifier not copyable by lombok;JAVA;LOCAL;0.00;0.00%;0;7
LongLiteralEndingWithLowercaseL;Java/Numeric issues;'long' literal ending with 'l' instead of 'L';JAVA;LOCAL;0.00;0.00%;0;7
OptionalGetWithoutIsPresent;Java/Probable bugs;Optional.get() is called without isPresent() check;JAVA;LOCAL;0.00;0.00%;0;7
NonAtomicOperationOnVolatileField;Java/Threading issues;Non-atomic operation on 'volatile' field;JAVA;LOCAL;0.00;0.00%;0;7
OptionalIsPresent;Java/Code style issues;Non functional style 'Optional.isPresent()' usage;JAVA;LOCAL;0.00;0.00%;0;1
OverlyCoupledClass;Java/Class metrics;Overly coupled class;JAVA;LOCAL;0.00;0.00%;0;7
AtomicFieldUpdaterNotStaticFinal;Java/Threading issues;'AtomicFieldUpdater' field not declared 'static final';JAVA;LOCAL;0.00;0.00%;0;7
LoopStatementThatDoesntLoop;Java/Control flow issues;Loop statement that does not loop;JAVA;LOCAL;0.00;0.00%;0;7
ClassExplicitlyExtendsObject;Java/Code style issues;Class explicitly extends 'Object';JAVA;LOCAL;0.00;0.00%;0;1
RedundantLengthCheck;Java/Verbose or redundant code constructs;Redundant array length check;JAVA;LOCAL;0.00;0.00%;0;1
UnnecessaryTemporaryOnConversionFromString;Java/Performance;Unnecessary temporary object in conversion from 'String';JAVA;LOCAL;0.00;0.00%;0;7
ConstantConditionalExpression;Java/Control flow issues;Constant conditional expression;JAVA;LOCAL;0.00;0.00%;0;7
KotlinJvmAnnotationInJava;Kotlin/Java interop issues;Kotlin JVM annotation in Java;JAVA;LOCAL;0.00;0.00%;0;7
ParameterCanBeLocal;Java/Class structure;Value passed as parameter never read;JAVA;LOCAL;0.00;0.00%;0;1
CloneDoesntDeclareCloneNotSupportedException;Java/Cloning issues;'clone()' does not declare 'CloneNotSupportedException';JAVA;LOCAL;0.00;0.00%;0;7
CatchMayIgnoreException;Java/Error handling;Catch block may ignore exception;JAVA;LOCAL;0.00;0.00%;0;7
MismatchedJavadocCode;Java/Javadoc;Mismatch between Javadoc and code;JAVA;LOCAL;0.00;0.00%;0;1
OverflowingLoopIndex;Java/Probable bugs;Loop executes zero or billions of times;JAVA;LOCAL;0.00;0.00%;0;7
InnerClassMayBeStatic;Java/Memory;Inner class may be 'static';JAVA;LOCAL;0.00;0.00%;0;7
WrongPackageStatement;Java/Probable bugs;Wrong package statement;JAVA;LOCAL;0.00;0.00%;0;7
ComparisonToNaN;Java/Numeric issues;Comparison to 'Double.NaN' or 'Float.NaN';JAVA;LOCAL;0.00;0.00%;0;7
ConditionCoveredByFurtherCondition;Java/Verbose or redundant code constructs;Condition is covered by further condition;JAVA;LOCAL;0.00;0.00%;0;1
ConcatenationWithEmptyString;Java/Verbose or redundant code constructs;Concatenation with empty string;JAVA;LOCAL;0.00;0.00%;0;1
PatternVariableHidesField;Java/Visibility;Pattern variable hides field;JAVA;LOCAL;0.00;0.00%;0;7
CachedNumberConstructorCall;Java/Numeric issues;Number constructor call with primitive argument;JAVA;LOCAL;0.00;0.00%;0;7
UnnecessaryContinue;Java/Verbose or redundant code constructs;Unnecessary 'continue' statement;JAVA;LOCAL;0.00;0.00%;0;1
BigDecimalMethodWithoutRoundingCalled;Java/Numeric issues;Call to 'BigDecimal' method without a rounding mode argument;JAVA;LOCAL;0.00;0.00%;0;7
EqualsWithItself;Java/Probable bugs;'equals()' called on itself;JAVA;LOCAL;0.00;0.00%;0;7
PointlessArithmeticExpression;Java/Numeric issues;Pointless arithmetic expression;JAVA;LOCAL;0.00;0.00%;0;7
EmptyFinallyBlock;Java/Error handling;Empty 'finally' block;JAVA;LOCAL;0.00;0.00%;0;7
CStyleArrayDeclaration;Java/Code style issues;C-style array declaration;JAVA;LOCAL;0.00;0.00%;0;1
SpringBootApplicationYaml;Spring/Spring Boot;Invalid YAML configuration;yaml;LOCAL;0.00;0.00%;0;16
NotNullFieldNotInitialized;Java/Probable bugs/Nullability problems;@NotNull field is not initialized;JAVA;LOCAL;0.00;0.00%;0;1
ContinueOrBreakFromFinallyBlock;Java/Error handling;'continue' or 'break' inside 'finally' block;JAVA;LOCAL;0.00;0.00%;0;7
FinalStaticMethod;Java/Class structure;'static' method declared 'final';JAVA;LOCAL;0.00;0.00%;0;1
MismatchedReadAndWriteOfArray;Java/Probable bugs;Mismatched read and write of array;JAVA;LOCAL;0.00;0.00%;0;7
RedundantMethodOverride;Java/Inheritance issues;Method is identical to its super method;JAVA;LOCAL;0.00;0.00%;0;1
IntegerMultiplicationImplicitCastToLong;Java/Numeric issues/Cast;Integer multiplication or shift implicitly cast to 'long';JAVA;LOCAL;0.00;0.00%;0;7
OptionalAssignedToNull;Java/Code maturity;Null value for Optional type;JAVA;LOCAL;0.00;0.00%;0;1
ListRemoveInLoop;Java/Performance;'List.remove()' called in loop;JAVA;LOCAL;0.00;0.00%;0;7
SimplifiableBooleanExpression;Java/Control flow issues;Simplifiable boolean expression;JAVA;LOCAL;0.00;0.00%;0;7
IncompatibleBitwiseMaskOperation;Java/Bitwise operation issues;Incompatible bitwise mask operation;JAVA;LOCAL;0.00;0.00%;0;7
IteratorHasNextCallsIteratorNext;Java/Probable bugs;'Iterator.hasNext()' which calls 'next()';JAVA;LOCAL;0.00;0.00%;0;7
RedundantExplicitClose;Java/Declaration redundancy;Redundant 'close()';JAVA;LOCAL;0.00;0.00%;0;1
MathRoundingWithIntArgument;Java/Probable bugs;Call math rounding with 'int' argument;JAVA;LOCAL;0.00;0.00%;0;7
StringEqualsCharSequence;Java/Probable bugs;'String.equals()' called with 'CharSequence' argument;JAVA;LOCAL;0.00;0.00%;0;7
JavadocReference;Java/Javadoc;Declaration has problems in Javadoc references;JAVA;LOCAL;0.00;0.00%;0;1
UnaryPlus;Java/Numeric issues;Unary plus;JAVA;LOCAL;0.00;0.00%;0;7
SimplifyStreamApiCallChains;Java/Verbose or redundant code constructs;Stream API call chain can be simplified;JAVA;LOCAL;0.00;0.00%;0;2
RedundantIfStatement;Java/Control flow issues;Redundant 'if' statement;JAVA;LOCAL;0.00;0.00%;0;1
InterfaceMethodClashesWithObject;Java/Abstraction issues;Interface method clashes with method in 'Object';JAVA;LOCAL;0.00;0.00%;0;7
StatementWithEmptyBody;Java/Probable bugs;Statement with empty body;JAVA;LOCAL;0.00;0.00%;0;7
ReactiveStreamsSubscriberImplementation;Reactive Streams/Common;Class implements Subscriber;UAST;LOCAL;0.00;0.00%;0;12
ReactiveStreamsThrowInOperator;Reactive Streams/Common;Throw statement in Reactive operator;UAST;LOCAL;0.00;0.00%;0;12
ComparatorResultComparison;Java/Probable bugs;Suspicious usage of compare method;JAVA;LOCAL;0.00;0.00%;0;7
ListIndexOfReplaceableByContains;Java/Code style issues;'List.indexOf()' expression can be replaced with 'contains()';JAVA;LOCAL;0.00;0.00%;0;2
EqualsHashCodeCalledOnUrl;Java/Performance;'equals()' or 'hashCode()' called on 'URL' object;JAVA;LOCAL;0.00;0.00%;0;7
ComparatorMethodParameterNotUsed;Java/Probable bugs;Suspicious 'Comparator.compare()' implementation;JAVA;LOCAL;0.00;0.00%;0;7
SuspiciousToArrayCall;Java/Probable bugs;Suspicious 'Collection.toArray()' call;JAVA;LOCAL;0.00;0.00%;0;7
divzero;Java/Numeric issues;Division by zero;JAVA;LOCAL;0.00;0.00%;0;7
SimplifyCollector;Java/Verbose or redundant code constructs;Simplifiable collector;JAVA;LOCAL;0.00;0.00%;0;1
SuspiciousArrayMethodCall;Java/Probable bugs;Suspicious 'Arrays' method call;JAVA;LOCAL;0.00;0.00%;0;7
SynchronizationOnLocalVariableOrMethodParameter;Java/Threading issues;Synchronization on local variable or method parameter;JAVA;LOCAL;0.00;0.00%;0;7
UnnecessaryLocalVariable;Java/Data flow;Redundant local variable;JAVA;LOCAL;0.00;0.00%;0;2
BusyWait;Java/Threading issues;Busy wait;JAVA;LOCAL;0.00;0.00%;0;7
PointlessBooleanExpression;Java/Control flow issues;Pointless boolean expression;JAVA;LOCAL;0.00;0.00%;0;7
SuspiciousTernaryOperatorInVarargsCall;Java/Probable bugs;Suspicious ternary operator in varargs method call;JAVA;LOCAL;0.00;0.00%;0;7
MethodNameSameAsClassName;Java/Naming conventions/Method;Method name same as class name;JAVA;LOCAL;0.00;0.00%;0;2
OverwrittenKey;Java/Probable bugs;Overwritten Map, Set, or array element;JAVA;LOCAL;0.00;0.00%;0;7
PrimitiveArrayArgumentToVarargsMethod;Java/Probable bugs;Confusing primitive array argument to varargs method;JAVA;LOCAL;0.00;0.00%;0;7
SuspiciousIntegerDivAssignment;Java/Probable bugs;Suspicious integer division assignment;JAVA;LOCAL;0.00;0.00%;0;7
EmptyTryBlock;Java/Error handling;Empty 'try' block;JAVA;LOCAL;0.00;0.00%;0;7
SuspiciousSystemArraycopy;Java/Probable bugs;Suspicious 'System.arraycopy()' call;JAVA;LOCAL;0.00;0.00%;0;7
AssertWithSideEffects;Java/Probable bugs;'assert' statement with side effects;JAVA;LOCAL;0.00;0.00%;0;7
StringBufferReplaceableByString;Java/Verbose or redundant code constructs;'StringBuilder' can be replaced with 'String';JAVA;LOCAL;0.00;0.00%;0;1
dependsOnMethodTestNG;Java/TestNG;Illegal method name passed to 'dependsOnMethods';JAVA;LOCAL;0.00;0.00%;0;7
SimplifiableConditionalExpression;Java/Control flow issues;Simplifiable conditional expression;JAVA;LOCAL;0.00;0.00%;0;7
MismatchedQueryAndUpdateOfCollection;Java/Probable bugs;Mismatched query and update of collection;JAVA;LOCAL;0.00;0.00%;0;7
SillyAssignment;Java/Declaration redundancy;Variable is assigned to itself;JAVA;LOCAL;0.00;0.00%;0;1
MethodDoesntCallSuperMethod;Java/Inheritance issues;Method does not call super method;JAVA;LOCAL;0.00;0.00%;0;7
CollectionAddedToSelf;Java/Probable bugs;Collection added to itself;JAVA;LOCAL;0.00;0.00%;0;7
ThrowableSupplierOnlyThrowException;Java/Error handling;Throwable supplier never returns a value;JAVA;LOCAL;0.00;0.00%;0;7
IfStatementMissingBreakInLoop;Java/Performance;Early loop exit in 'if' condition;JAVA;LOCAL;0.00;0.00%;0;7
FunctionalExpressionCanBeFolded;Java/Declaration redundancy;Functional expression can be folded;JAVA;LOCAL;0.00;0.00%;0;1
resource;Java/Resource management;AutoCloseable used without 'try'-with-resources;JAVA;LOCAL;0.00;0.00%;0;7
OverlyComplexClass;Java/Class metrics;Overly complex class;JAVA;LOCAL;0.00;0.00%;4;7
KotlinSealedInheritorsInJava;Kotlin/Java interop issues;Inheritance of Kotlin sealed interface/class from Java;JAVA;LOCAL;0.00;0.00%;0;7
Lombok;Java/Lombok;Lombok annotations;JAVA;LOCAL;0.00;0.00%;0;7
UnnecessaryReturnStatement;Java/Verbose or redundant code constructs;Unnecessary 'return' statement;JAVA;LOCAL;0.00;0.00%;0;2
EndlessStream;Java/Probable bugs;Non-short-circuit operation consumes infinite stream;JAVA;LOCAL;0.00;0.00%;0;7
FuseStreamOperations;Java/Code style issues;Subsequent steps can be fused into Stream API chain;JAVA;LOCAL;0.00;0.00%;0;2
RedundantStringFormatCall;Java/Performance;Redundant call to 'String.format()';JAVA;LOCAL;0.00;0.00%;0;7
ConditionalExpressionWithIdenticalBranches;Java/Control flow issues;Conditional expression with identical branches;JAVA;LOCAL;0.00;0.00%;0;7
PointlessNullCheck;Java/Control flow issues;Unnecessary 'null' check before method call;JAVA;LOCAL;0.00;0.00%;0;7
StringConcatenationInsideStringBufferAppend;Java/Performance;String concatenation as argument to 'StringBuilder.append()' call;JAVA;LOCAL;0.00;0.00%;0;7
RedundantModifiersValLombok;Java/Lombok/Redundant modifiers;Unnecessary final before 'val';JAVA;LOCAL;0.00;0.00%;0;7
ArrayEquals;Java/Probable bugs;'equals()' called on array;JAVA;LOCAL;0.00;0.00%;0;7
BoxingBoxedValue;Java/Performance;Boxing of already boxed value;JAVA;LOCAL;0.00;0.00%;0;7
SwitchStatementWithTooFewBranches;Java/Control flow issues;Minimum 'switch' branches;JAVA;LOCAL;0.00;0.00%;0;2
OnlyOneElementUsed;Java/Verbose or redundant code constructs;Only one element is used;JAVA;LOCAL;0.00;0.00%;0;2
CollectionAddAllCanBeReplacedWithConstructor;Java/Performance;Redundant 'Collection.addAll()' call;JAVA;LOCAL;0.00;0.00%;0;7
AtomicFieldUpdaterIssues;Java/Threading issues;Inconsistent 'AtomicFieldUpdater' declaration;JAVA;LOCAL;0.00;0.00%;0;7
ConfusingArgumentToVarargsMethod;Java/Probable bugs;Confusing argument to varargs method;JAVA;LOCAL;0.00;0.00%;0;7
ForwardCompatibility;Java/Java language level issues;Forward compatibility;JAVA;LOCAL;0.00;0.00%;0;7
IncorrectDateTimeFormat;Java/Probable bugs;Incorrect 'DateTimeFormat' pattern;JAVA;LOCAL;0.00;0.00%;0;7
SynchronizeOnNonFinalField;Java/Threading issues;Synchronization on a non-final field;JAVA;LOCAL;0.00;0.00%;0;7
ReactiveStreamsNullableInLambdaInTransform;Reactive Streams/Common;Return null or something nullable from a lambda in transformation method;UAST;LOCAL;0.00;0.00%;0;12
MissingAspectjAutoproxyInspection;Spring/Spring AOP;Missing aspectj-autoproxy;JAVA;LOCAL;0.00;0.00%;0;7
OctalInteger;Java/Numeric issues;Octal integer;JAVA;LOCAL;0.00;0.00%;0;7
CopyConstructorMissesField;Java/Probable bugs;Copy constructor misses field;JAVA;LOCAL;0.00;0.00%;0;7
ThrowableNotThrown;Java/Probable bugs;'Throwable' not thrown;JAVA;LOCAL;0.00;0.00%;0;7
InvalidComparatorMethodReference;Java/Probable bugs;Invalid method reference used for 'Comparator';JAVA;LOCAL;0.00;0.00%;0;7
EqualsWhichDoesntCheckParameterClass;Java/Probable bugs;'equals()' method which does not check class of parameter;JAVA;LOCAL;0.00;0.00%;0;7
SuspiciousIndentAfterControlStatement;Java/Probable bugs;Suspicious indentation after control statement without braces;JAVA;LOCAL;0.00;0.00%;0;7
NumericOverflow;Java/Numeric issues;Numeric overflow;JAVA;LOCAL;0.00;0.00%;0;7
CastCanBeRemovedNarrowingVariableType;Java/Verbose or redundant code constructs;Too weak variable type leads to unnecessary cast;JAVA;LOCAL;0.00;0.00%;0;1